"","id","age","job","marital","education","balance","housing","contact","day","duration","pdays","poutcome","married"
"463",463,45,"management","divorced","tertiary",0,"no","unknown","2015/2/18",5,-1,"unknown",0
"1402",1402,44,"management","married","unknown",415,"yes","telephone","2015/3/10",7,-1,"unknown",1
"250",250,43,"technician","married","secondary",0,"no","cellular","2015/2/23",9,172,"failure",1
"711",711,46,"blue-collar","married","primary",67,"no","unknown","2015/2/13",9,-1,"unknown",1
"1154",1154,41,"management","divorced","tertiary",369,"yes","telephone","2015/1/26",9,-1,"unknown",0
"1148",1148,44,"blue-collar","married","secondary",-182,"yes","cellular","2015/2/21",10,-1,"unknown",1
"2663",2663,49,"admin.","single","secondary",981,"yes","telephone","2015/3/8",10,-1,"unknown",0
"321",321,45,"admin.","married","unknown",1783,"no","unknown","2015/2/9",11,-1,"unknown",1
"2274",2274,44,"blue-collar","married","primary",-11,"yes","unknown","2015/2/19",13,-1,"unknown",1
"1777",1777,43,"management","married","secondary",17555,"no","cellular","2015/2/5",14,-1,"unknown",1
"1016",1016,43,"retired","married","secondary",520,"yes","unknown","2015/1/23",15,-1,"unknown",1
"1381",1381,41,"blue-collar","married","secondary",121,"yes","cellular","2015/2/17",16,176,"other",1
"1599",1599,48,"services","single","primary",1499,"yes","cellular","2015/2/17",17,-1,"unknown",0
"177",177,44,"admin.","married","secondary",5181,"yes","cellular","2015/1/29",18,-1,"unknown",1
"579",579,49,"blue-collar","married","secondary",171,"no","cellular","2015/2/11",19,175,"other",1
"1785",1785,50,"blue-collar","married","secondary",810,"yes","unknown","2015/2/13",19,-1,"unknown",1
"2845",2845,46,"admin.","married","secondary",120,"yes","unknown","2015/3/3",20,-1,"unknown",1
"1574",1574,50,"blue-collar","married","secondary",372,"yes","telephone","2015/2/14",21,-1,"unknown",1
"2084",2084,42,"admin.","married","secondary",214,"yes","unknown","2015/2/17",21,-1,"unknown",1
"821",821,50,"management","married","secondary",421,"no","cellular","2015/1/31",22,-1,"unknown",1
"1655",1655,44,"blue-collar","married","primary",-312,"yes","unknown","2015/2/8",22,-1,"unknown",1
"1379",1379,41,"blue-collar","married","primary",951,"yes","cellular","2015/2/15",23,-1,"unknown",1
"2404",2404,42,"technician","married","secondary",1048,"yes","telephone","2015/2/16",23,-1,"unknown",1
"932",932,41,"admin.","married","secondary",2993,"yes","cellular","2015/1/23",24,-1,"unknown",1
"1352",1352,43,"management","divorced","tertiary",99,"no","cellular","2015/2/12",24,-1,"unknown",0
"1489",1489,46,"management","married","tertiary",1008,"no","cellular","2015/2/25",24,-1,"unknown",1
"1945",1945,48,"blue-collar","married","secondary",333,"yes","cellular","2015/2/22",24,-1,"unknown",1
"1315",1315,48,"services","married","primary",-583,"yes","unknown","2015/2/3",25,-1,"unknown",1
"1409",1409,49,"blue-collar","divorced","unknown",39,"yes","cellular","2015/1/24",27,-1,"unknown",0
"273",273,46,"management","married","secondary",12186,"no","unknown","2015/2/3",29,-1,"unknown",1
"794",794,49,"management","divorced","tertiary",1405,"no","unknown","2015/2/19",29,-1,"unknown",0
"1290",1290,48,"admin.","married","primary",607,"no","unknown","2015/2/7",29,-1,"unknown",1
"1324",1324,46,"blue-collar","married","primary",91,"yes","cellular","2015/2/12",29,356,"failure",1
"2293",2293,45,"technician","single","tertiary",2087,"no","cellular","2015/3/10",29,-1,"unknown",0
"1607",1607,41,"blue-collar","single","unknown",4684,"no","unknown","2015/2/25",30,-1,"unknown",0
"443",443,42,"technician","single","secondary",275,"no","cellular","2015/1/29",31,-1,"unknown",0
"128",128,45,"technician","single","secondary",586,"no","cellular","2015/3/1",32,-1,"unknown",0
"1138",1138,42,"blue-collar","married","secondary",3052,"yes","unknown","2015/2/11",32,-1,"unknown",1
"1813",1813,49,"services","divorced","secondary",3250,"no","unknown","2015/2/11",32,-1,"unknown",0
"2077",2077,46,"technician","married","secondary",1427,"yes","unknown","2015/2/10",32,-1,"unknown",1
"163",163,41,"admin.","single","secondary",-256,"no","unknown","2015/2/20",35,-1,"unknown",0
"564",564,50,"technician","married","secondary",2497,"yes","cellular","2015/1/27",35,176,"failure",1
"2786",2786,41,"technician","married","secondary",902,"no","unknown","2015/3/7",35,-1,"unknown",1
"1294",1294,46,"management","divorced","tertiary",743,"no","unknown","2015/2/11",36,-1,"unknown",0
"1807",1807,45,"management","married","tertiary",3370,"no","unknown","2015/2/5",36,-1,"unknown",1
"2040",2040,43,"management","married","tertiary",13044,"no","cellular","2015/2/2",36,-1,"unknown",1
"409",409,44,"management","married","secondary",438,"yes","telephone","2015/1/31",37,303,"failure",1
"1891",1891,46,"technician","married","secondary",499,"yes","cellular","2015/2/16",37,-1,"unknown",1
"2713",2713,41,"self-employed","married","primary",340,"no","unknown","2015/2/28",37,-1,"unknown",1
"854",854,48,"technician","divorced","tertiary",113,"no","cellular","2015/2/3",38,-1,"unknown",0
"1246",1246,45,"admin.","single","secondary",0,"yes","cellular","2015/2/3",38,-1,"unknown",0
"1106",1106,41,"management","married","tertiary",2885,"no","cellular","2015/2/15",40,-1,"unknown",1
"2308",2308,47,"management","divorced","tertiary",2515,"no","unknown","2015/2/15",40,-1,"unknown",0
"914",914,41,"management","married","tertiary",-29,"no","cellular","2015/2/18",41,266,"failure",1
"1570",1570,43,"unknown","single","unknown",181,"no","telephone","2015/2/10",41,-1,"unknown",0
"1700",1700,49,"technician","married","unknown",323,"yes","cellular","2015/2/9",41,-1,"unknown",1
"2509",2509,42,"student","married","unknown",-7,"no","telephone","2015/2/9",41,-1,"unknown",1
"2795",2795,44,"blue-collar","married","secondary",1910,"yes","unknown","2015/2/17",41,-1,"unknown",1
"1039",1039,41,"management","married","tertiary",176,"yes","unknown","2015/2/15",42,-1,"unknown",1
"2103",2103,46,"entrepreneur","married","tertiary",2262,"no","telephone","2015/3/8",44,-1,"unknown",1
"2266",2266,45,"management","married","tertiary",1929,"yes","unknown","2015/2/11",44,-1,"unknown",1
"675",675,41,"unemployed","divorced","secondary",1281,"no","cellular","2015/2/23",45,-1,"unknown",0
"1027",1027,46,"admin.","married","secondary",1069,"yes","unknown","2015/2/3",45,-1,"unknown",1
"1932",1932,45,"blue-collar","married","secondary",4365,"no","cellular","2015/2/9",45,-1,"unknown",1
"2533",2533,48,"unemployed","divorced","secondary",1266,"yes","telephone","2015/2/12",45,-1,"unknown",0
"1758",1758,42,"admin.","single","secondary",243,"yes","unknown","2015/2/6",46,-1,"unknown",0
"2024",2024,48,"admin.","married","secondary",8,"no","cellular","2015/2/11",46,-1,"unknown",1
"1293",1293,49,"technician","married","secondary",1091,"no","telephone","2015/2/10",47,-1,"unknown",1
"2295",2295,48,"technician","married","secondary",197,"no","cellular","2015/2/2",47,222,"other",1
"279",279,50,"blue-collar","married","primary",5776,"no","cellular","2015/2/9",49,-1,"unknown",1
"1550",1550,41,"self-employed","married","secondary",28,"yes","cellular","2015/2/16",49,-1,"unknown",1
"1109",1109,43,"management","single","tertiary",146,"no","cellular","2015/2/18",50,113,"other",0
"1976",1976,50,"admin.","divorced","secondary",1111,"yes","cellular","2015/2/8",50,-1,"unknown",0
"2031",2031,47,"management","married","unknown",150,"no","unknown","2015/2/18",52,-1,"unknown",1
"1070",1070,45,"technician","single","unknown",7108,"yes","cellular","2015/2/5",53,172,"failure",0
"317",317,46,"blue-collar","married","secondary",182,"no","cellular","2015/2/5",56,-1,"unknown",1
"817",817,41,"technician","married","secondary",77,"yes","cellular","2015/1/27",56,-1,"unknown",1
"951",951,44,"technician","divorced","secondary",0,"no","cellular","2015/2/11",56,-1,"unknown",0
"1224",1224,49,"management","divorced","tertiary",2370,"yes","unknown","2015/2/13",56,103,"other",0
"9",9,41,"entrepreneur","married","tertiary",221,"yes","unknown","2015/1/31",57,-1,"unknown",1
"815",815,47,"technician","married","secondary",-75,"yes","cellular","2015/1/25",57,247,"other",1
"1778",1778,43,"management","married","unknown",5172,"yes","unknown","2015/2/6",57,-1,"unknown",1
"597",597,47,"housemaid","married","primary",201,"yes","cellular","2015/3/1",58,382,"failure",1
"1543",1543,49,"entrepreneur","married","secondary",273,"no","cellular","2015/2/9",58,-1,"unknown",1
"223",223,49,"blue-collar","married","primary",365,"no","unknown","2015/1/27",59,-1,"unknown",1
"87",87,41,"technician","single","secondary",879,"no","cellular","2015/2/17",60,-1,"unknown",0
"855",855,42,"management","married","secondary",-105,"yes","cellular","2015/2/4",60,-1,"unknown",1
"2273",2273,47,"technician","divorced","tertiary",-1148,"yes","unknown","2015/2/18",62,-1,"unknown",0
"1214",1214,49,"self-employed","married","secondary",2576,"yes","cellular","2015/2/3",64,-1,"unknown",1
"1587",1587,42,"management","single","tertiary",100,"no","cellular","2015/2/5",64,-1,"unknown",0
"1821",1821,46,"admin.","married","secondary",4958,"yes","cellular","2015/2/19",64,150,"other",1
"1542",1542,43,"self-employed","married","secondary",634,"yes","cellular","2015/2/8",65,131,"failure",1
"829",829,47,"unemployed","married","primary",168,"yes","telephone","2015/2/8",66,241,"other",1
"133",133,43,"blue-collar","married","unknown",-715,"yes","unknown","2015/3/6",67,-1,"unknown",1
"653",653,50,"self-employed","divorced","tertiary",59,"yes","unknown","2015/2/1",67,-1,"unknown",0
"2192",2192,48,"management","married","tertiary",363,"no","cellular","2015/2/5",67,-1,"unknown",1
"525",525,45,"services","married","secondary",-839,"yes","unknown","2015/2/7",68,-1,"unknown",1
"1473",1473,48,"services","married","secondary",116,"yes","telephone","2015/2/9",70,-1,"unknown",1
"2495",2495,47,"admin.","divorced","secondary",136,"no","cellular","2015/3/3",70,-1,"unknown",0
"2547",2547,42,"services","married","secondary",508,"yes","unknown","2015/2/6",70,-1,"unknown",1
"217",217,45,"technician","married","secondary",1410,"no","cellular","2015/3/10",71,-1,"unknown",1
"255",255,46,"blue-collar","married","primary",222,"no","cellular","2015/2/28",71,-1,"unknown",1
"477",477,48,"blue-collar","married","secondary",149,"yes","unknown","2015/1/25",71,-1,"unknown",1
"605",605,42,"blue-collar","married","primary",0,"yes","cellular","2015/3/9",71,-1,"unknown",1
"852",852,46,"blue-collar","married","secondary",5,"no","cellular","2015/2/1",71,-1,"unknown",1
"1054",1054,47,"blue-collar","divorced","secondary",-535,"yes","cellular","2015/3/2",71,-1,"unknown",0
"2618",2618,41,"services","married","secondary",171,"no","cellular","2015/3/11",71,-1,"unknown",1
"2725",2725,48,"services","single","unknown",5095,"yes","unknown","2015/3/12",71,-1,"unknown",0
"411",411,49,"management","married","tertiary",322,"no","cellular","2015/2/2",72,-1,"unknown",1
"1092",1092,50,"blue-collar","married","primary",0,"no","cellular","2015/2/1",72,-1,"unknown",1
"1285",1285,41,"blue-collar","married","primary",849,"yes","unknown","2015/2/2",72,-1,"unknown",1
"1857",1857,48,"management","divorced","tertiary",541,"yes","cellular","2015/2/27",72,363,"other",0
"2479",2479,50,"admin.","divorced","secondary",769,"no","cellular","2015/2/15",72,363,"failure",0
"544",544,48,"blue-collar","married","secondary",157,"yes","unknown","2015/2/26",73,-1,"unknown",1
"2520",2520,43,"technician","single","tertiary",0,"no","cellular","2015/2/20",73,-1,"unknown",0
"972",972,44,"admin.","married","secondary",262,"yes","cellular","2015/3/4",74,-1,"unknown",1
"2601",2601,45,"management","divorced","tertiary",959,"no","unknown","2015/2/22",74,-1,"unknown",0
"600",600,43,"technician","divorced","secondary",1413,"yes","telephone","2015/3/4",75,-1,"unknown",0
"1448",1448,45,"admin.","married","secondary",638,"yes","cellular","2015/3/4",75,-1,"unknown",1
"1500",1500,50,"management","married","tertiary",-94,"no","unknown","2015/1/26",75,-1,"unknown",1
"1028",1028,41,"housemaid","single","secondary",231,"no","cellular","2015/2/4",76,-1,"unknown",0
"1842",1842,41,"technician","single","secondary",1680,"yes","unknown","2015/2/12",76,-1,"unknown",0
"1959",1959,43,"management","single","secondary",-1164,"yes","cellular","2015/3/8",76,-1,"unknown",0
"2688",2688,45,"technician","married","secondary",1673,"no","cellular","2015/3/1",76,-1,"unknown",1
"885",885,48,"management","married","primary",606,"no","cellular","2015/3/6",77,-1,"unknown",1
"1578",1578,47,"admin.","married","secondary",104,"yes","cellular","2015/1/27",77,-1,"unknown",1
"1118",1118,42,"technician","single","tertiary",-411,"yes","cellular","2015/2/27",78,292,"failure",0
"1375",1375,45,"self-employed","married","secondary",706,"no","cellular","2015/2/11",78,176,"success",1
"732",732,48,"blue-collar","married","primary",1092,"no","cellular","2015/2/3",79,172,"failure",1
"782",782,42,"blue-collar","married","secondary",352,"yes","cellular","2015/2/7",79,-1,"unknown",1
"375",375,42,"admin.","married","secondary",-396,"yes","cellular","2015/1/30",80,308,"failure",1
"792",792,41,"management","married","tertiary",3016,"yes","cellular","2015/2/17",80,-1,"unknown",1
"2236",2236,46,"management","single","tertiary",46,"no","cellular","2015/2/9",80,152,"failure",0
"1040",1040,42,"management","single","secondary",9720,"no","cellular","2015/2/16",81,-1,"unknown",0
"164",164,43,"services","married","secondary",978,"yes","unknown","2015/2/21",82,-1,"unknown",1
"1308",1308,41,"blue-collar","married","secondary",1459,"no","unknown","2015/1/27",82,-1,"unknown",1
"1407",1407,44,"admin.","single","secondary",2524,"no","unknown","2015/3/15",82,-1,"unknown",0
"1608",1608,47,"management","divorced","tertiary",1149,"no","cellular","2015/2/26",82,-1,"unknown",0
"2579",2579,42,"technician","married","secondary",0,"no","cellular","2015/3/10",82,-1,"unknown",1
"287",287,47,"admin.","married","secondary",1060,"yes","unknown","2015/2/17",83,-1,"unknown",1
"593",593,41,"services","married","secondary",108,"yes","unknown","2015/2/25",83,-1,"unknown",1
"610",610,46,"technician","married","tertiary",342,"yes","cellular","2015/1/23",84,-1,"unknown",1
"864",864,49,"self-employed","married","primary",489,"yes","unknown","2015/2/13",84,-1,"unknown",1
"1752",1752,48,"management","divorced","secondary",1598,"yes","unknown","2015/1/31",84,-1,"unknown",0
"134",134,48,"admin.","married","unknown",0,"yes","cellular","2015/3/7",85,168,"failure",1
"1693",1693,42,"management","divorced","tertiary",0,"no","unknown","2015/2/2",85,-1,"unknown",0
"2551",2551,41,"management","married","tertiary",251,"no","unknown","2015/2/10",85,-1,"unknown",1
"978",978,44,"self-employed","married","tertiary",134,"no","cellular","2015/1/26",86,-1,"unknown",1
"1153",1153,50,"admin.","married","secondary",0,"no","cellular","2015/1/25",86,-1,"unknown",1
"2626",2626,42,"blue-collar","married","primary",2111,"yes","cellular","2015/2/12",86,-1,"unknown",1
"591",591,45,"self-employed","married","tertiary",334,"no","unknown","2015/2/23",87,-1,"unknown",1
"888",888,41,"blue-collar","married","secondary",338,"yes","unknown","2015/1/23",87,-1,"unknown",1
"2225",2225,46,"management","single","tertiary",2154,"yes","cellular","2015/3/10",87,-1,"unknown",0
"2242",2242,41,"blue-collar","married","primary",389,"yes","unknown","2015/2/15",87,-1,"unknown",1
"284",284,42,"admin.","divorced","secondary",63,"no","unknown","2015/2/14",88,-1,"unknown",0
"1204",1204,48,"retired","married","primary",5173,"yes","unknown","2015/1/24",88,-1,"unknown",1
"1853",1853,50,"technician","married","secondary",669,"yes","unknown","2015/2/23",88,-1,"unknown",1
"2277",2277,42,"blue-collar","married","primary",704,"yes","telephone","2015/2/22",88,-1,"unknown",1
"449",449,47,"admin.","married","secondary",2,"no","cellular","2015/2/4",89,-1,"unknown",1
"514",514,48,"management","divorced","tertiary",108,"yes","unknown","2015/1/27",89,-1,"unknown",0
"1687",1687,47,"technician","married","secondary",302,"yes","unknown","2015/1/27",89,-1,"unknown",1
"2085",2085,41,"blue-collar","married","secondary",343,"yes","unknown","2015/2/18",89,-1,"unknown",1
"2448",2448,46,"blue-collar","married","primary",665,"no","cellular","2015/2/16",89,235,"failure",1
"1646",1646,41,"entrepreneur","married","secondary",353,"no","cellular","2015/1/30",90,-1,"unknown",1
"2184",2184,46,"blue-collar","married","primary",174,"no","cellular","2015/3/9",90,-1,"unknown",1
"1344",1344,47,"technician","married","secondary",1233,"yes","unknown","2015/2/4",91,100,"other",1
"153",153,45,"unemployed","divorced","primary",-249,"yes","unknown","2015/2/10",92,-1,"unknown",0
"509",509,41,"blue-collar","single","secondary",428,"yes","cellular","2015/2/26",92,-1,"unknown",0
"555",555,43,"technician","single","secondary",11269,"no","unknown","2015/3/9",92,-1,"unknown",0
"857",857,49,"technician","married","secondary",-1680,"yes","unknown","2015/2/6",92,-1,"unknown",1
"1952",1952,46,"entrepreneur","single","tertiary",1410,"yes","cellular","2015/3/1",93,189,"failure",0
"1032",1032,49,"retired","single","primary",25824,"no","unknown","2015/2/8",94,-1,"unknown",0
"1218",1218,44,"blue-collar","married","primary",271,"yes","unknown","2015/2/7",94,-1,"unknown",1
"2813",2813,41,"admin.","single","secondary",748,"no","telephone","2015/2/23",94,130,"other",0
"2022",2022,41,"technician","married","tertiary",0,"no","unknown","2015/2/9",95,-1,"unknown",1
"344",344,41,"self-employed","single","tertiary",3950,"yes","unknown","2015/3/4",96,-1,"unknown",0
"733",733,50,"management","married","tertiary",3463,"no","cellular","2015/2/4",96,-1,"unknown",1
"191",191,49,"blue-collar","married","primary",0,"yes","telephone","2015/2/12",97,-1,"unknown",1
"1605",1605,49,"management","single","tertiary",151,"yes","cellular","2015/2/23",97,-1,"unknown",0
"1635",1635,42,"unemployed","divorced","secondary",759,"no","cellular","2015/2/8",97,169,"failure",0
"455",455,44,"management","married","tertiary",795,"no","cellular","2015/2/10",99,-1,"unknown",1
"831",831,42,"management","single","tertiary",0,"no","cellular","2015/2/10",99,-1,"unknown",0
"1093",1093,47,"technician","married","secondary",599,"yes","cellular","2015/2/2",99,-1,"unknown",1
"1812",1812,44,"admin.","single","secondary",-101,"yes","cellular","2015/2/10",99,-1,"unknown",0
"2251",2251,50,"management","married","tertiary",207,"yes","cellular","2015/2/24",99,-1,"unknown",1
"750",750,43,"blue-collar","divorced","primary",49,"yes","unknown","2015/2/21",100,-1,"unknown",0
"1909",1909,44,"technician","single","secondary",-27,"yes","unknown","2015/2/14",100,-1,"unknown",0
"2284",2284,45,"entrepreneur","married","tertiary",0,"yes","cellular","2015/3/1",100,-1,"unknown",1
"171",171,42,"technician","married","secondary",2980,"no","unknown","2015/1/23",101,-1,"unknown",1
"295",295,47,"management","married","tertiary",3681,"no","cellular","2015/2/25",101,-1,"unknown",1
"1359",1359,41,"technician","married","secondary",0,"no","cellular","2015/1/26",101,-1,"unknown",1
"1770",1770,50,"self-employed","married","unknown",-84,"yes","unknown","2015/1/29",101,-1,"unknown",1
"516",516,45,"unemployed","divorced","primary",757,"no","cellular","2015/1/29",103,325,"failure",0
"1940",1940,45,"technician","married","secondary",315,"yes","cellular","2015/2/17",103,-1,"unknown",1
"1691",1691,46,"admin.","single","secondary",751,"yes","unknown","2015/1/31",104,-1,"unknown",0
"2073",2073,44,"management","single","tertiary",-1313,"yes","cellular","2015/2/6",104,-1,"unknown",0
"1121",1121,48,"entrepreneur","married","secondary",725,"no","cellular","2015/1/25",105,-1,"unknown",1
"2091",2091,48,"blue-collar","married","secondary",0,"yes","unknown","2015/2/24",105,-1,"unknown",1
"1133",1133,41,"management","divorced","tertiary",4567,"yes","cellular","2015/2/6",106,-1,"unknown",0
"710",710,42,"housemaid","married","primary",14752,"no","unknown","2015/2/12",107,-1,"unknown",1
"886",886,41,"technician","married","secondary",0,"no","cellular","2015/3/7",107,-1,"unknown",1
"1566",1566,45,"unemployed","divorced","secondary",728,"yes","cellular","2015/2/6",107,-1,"unknown",0
"1583",1583,46,"blue-collar","married","primary",2558,"yes","telephone","2015/2/1",107,167,"other",1
"1956",1956,46,"management","divorced","tertiary",-154,"yes","unknown","2015/3/5",107,-1,"unknown",0
"386",386,45,"blue-collar","married","primary",61,"no","cellular","2015/2/10",108,-1,"unknown",1
"704",704,48,"blue-collar","married","secondary",705,"no","unknown","2015/2/6",108,-1,"unknown",1
"1332",1332,42,"self-employed","married","secondary",97,"no","cellular","2015/1/23",108,-1,"unknown",1
"2246",2246,45,"technician","married","secondary",115,"yes","cellular","2015/2/19",108,-1,"unknown",1
"2814",2814,47,"technician","married","secondary",1990,"yes","cellular","2015/2/24",108,-1,"unknown",1
"23",23,44,"services","single","secondary",106,"no","unknown","2015/2/14",109,-1,"unknown",0
"529",529,43,"services","married","primary",2567,"yes","cellular","2015/2/11",109,360,"failure",1
"740",740,46,"services","married","secondary",1034,"no","cellular","2015/2/11",109,-1,"unknown",1
"946",946,41,"technician","married","secondary",1066,"no","cellular","2015/2/6",109,-1,"unknown",1
"508",508,42,"self-employed","divorced","tertiary",360,"yes","unknown","2015/2/25",110,-1,"unknown",0
"2159",2159,43,"management","married","tertiary",422,"no","cellular","2015/2/12",110,-1,"unknown",1
"2740",2740,46,"technician","married","secondary",2098,"no","cellular","2015/2/25",110,-1,"unknown",1
"224",224,41,"self-employed","married","primary",204,"no","cellular","2015/1/28",111,-1,"unknown",1
"1142",1142,46,"technician","married","secondary",-337,"yes","unknown","2015/2/15",112,-1,"unknown",1
"1263",1263,43,"blue-collar","married","primary",-98,"yes","cellular","2015/2/20",112,330,"other",1
"12",12,43,"admin.","married","secondary",264,"yes","cellular","2015/2/3",113,-1,"unknown",1
"122",122,45,"blue-collar","married","primary",419,"no","cellular","2015/2/23",113,-1,"unknown",1
"2109",2109,46,"blue-collar","divorced","primary",452,"yes","unknown","2015/2/2",113,-1,"unknown",0
"2304",2304,43,"admin.","married","unknown",3485,"no","unknown","2015/2/11",113,-1,"unknown",1
"827",827,48,"technician","married","secondary",454,"yes","cellular","2015/2/6",114,-1,"unknown",1
"865",865,43,"management","married","primary",8167,"yes","unknown","2015/2/14",114,-1,"unknown",1
"2386",2386,47,"services","married","secondary",3333,"yes","cellular","2015/3/10",114,-1,"unknown",1
"1289",1289,42,"blue-collar","married","secondary",-921,"yes","unknown","2015/2/6",115,-1,"unknown",1
"1414",1414,42,"blue-collar","married","primary",1520,"yes","cellular","2015/1/29",115,-1,"unknown",1
"1922",1922,43,"technician","married","secondary",434,"yes","unknown","2015/1/30",117,-1,"unknown",1
"460",460,43,"management","divorced","tertiary",36,"no","cellular","2015/2/15",118,102,"failure",0
"1033",1033,46,"management","single","primary",538,"no","unknown","2015/2/9",118,-1,"unknown",0
"1688",1688,44,"technician","divorced","secondary",809,"yes","unknown","2015/1/28",118,-1,"unknown",0
"1868",1868,47,"technician","married","secondary",65,"no","cellular","2015/3/10",118,-1,"unknown",1
"884",884,45,"entrepreneur","married","primary",58,"yes","telephone","2015/3/5",119,371,"failure",1
"2241",2241,50,"technician","married","secondary",1130,"yes","cellular","2015/2/14",119,-1,"unknown",1
"1567",1567,45,"entrepreneur","married","primary",2418,"yes","unknown","2015/2/7",120,-1,"unknown",1
"849",849,41,"blue-collar","married","secondary",4900,"yes","telephone","2015/1/29",121,-1,"unknown",1
"1145",1145,48,"management","married","tertiary",998,"yes","cellular","2015/2/18",121,-1,"unknown",1
"1278",1278,46,"admin.","divorced","secondary",2232,"no","cellular","2015/1/26",121,-1,"unknown",0
"2230",2230,42,"services","divorced","secondary",372,"yes","unknown","2015/2/3",121,-1,"unknown",0
"788",788,50,"blue-collar","married","primary",3924,"yes","cellular","2015/2/13",122,-1,"unknown",1
"2546",2546,43,"management","single","secondary",-228,"yes","unknown","2015/2/25",122,-1,"unknown",0
"2328",2328,41,"admin.","married","secondary",8238,"yes","unknown","2015/2/9",124,-1,"unknown",1
"24",24,44,"entrepreneur","married","secondary",93,"no","cellular","2015/2/15",125,-1,"unknown",1
"243",243,44,"management","married","tertiary",3762,"no","cellular","2015/2/16",125,-1,"unknown",1
"407",407,41,"technician","married","tertiary",744,"yes","unknown","2015/1/29",125,-1,"unknown",1
"1624",1624,47,"blue-collar","married","primary",3451,"no","cellular","2015/1/28",125,-1,"unknown",1
"2530",2530,48,"management","single","tertiary",8106,"no","unknown","2015/2/9",125,111,"failure",0
"336",336,47,"management","divorced","tertiary",447,"no","unknown","2015/2/24",126,-1,"unknown",0
"686",686,46,"services","married","secondary",1550,"yes","cellular","2015/3/6",126,149,"failure",1
"1045",1045,44,"unemployed","married","tertiary",178,"no","cellular","2015/2/21",126,-1,"unknown",1
"2029",2029,45,"entrepreneur","married","secondary",245,"yes","unknown","2015/2/16",126,-1,"unknown",1
"949",949,48,"blue-collar","single","unknown",428,"yes","cellular","2015/2/9",127,-1,"unknown",0
"989",989,42,"management","single","tertiary",525,"no","cellular","2015/2/6",127,-1,"unknown",0
"1098",1098,45,"management","divorced","tertiary",2096,"no","cellular","2015/2/7",127,100,"failure",0
"2524",2524,44,"management","divorced","tertiary",476,"yes","unknown","2015/2/24",127,-1,"unknown",0
"2459",2459,47,"admin.","married","secondary",310,"yes","telephone","2015/2/7",128,-1,"unknown",1
"2580",2580,46,"management","married","tertiary",477,"yes","unknown","2015/3/11",128,-1,"unknown",1
"2045",2045,44,"management","married","tertiary",529,"yes","unknown","2015/2/7",129,-1,"unknown",1
"1264",1264,49,"technician","married","secondary",4667,"yes","unknown","2015/2/21",130,-1,"unknown",1
"2289",2289,50,"technician","married","secondary",1412,"no","cellular","2015/3/6",131,-1,"unknown",1
"1475",1475,44,"admin.","divorced","secondary",432,"no","cellular","2015/2/11",132,-1,"unknown",0
"2253",2253,45,"blue-collar","married","primary",2433,"no","cellular","2015/2/26",133,-1,"unknown",1
"64",64,48,"services","married","secondary",1355,"no","cellular","2015/1/25",134,-1,"unknown",1
"357",357,46,"services","married","secondary",271,"yes","unknown","2015/2/4",134,-1,"unknown",1
"2394",2394,41,"entrepreneur","married","secondary",2105,"yes","cellular","2015/2/6",134,-1,"unknown",1
"2589",2589,46,"management","divorced","tertiary",134,"no","cellular","2015/2/10",134,-1,"unknown",0
"169",169,48,"technician","married","tertiary",310,"no","unknown","2015/2/26",135,-1,"unknown",1
"175",175,42,"management","married","tertiary",9009,"no","cellular","2015/1/27",135,-1,"unknown",1
"1295",1295,47,"entrepreneur","married","unknown",209,"yes","unknown","2015/2/12",135,-1,"unknown",1
"2189",2189,46,"admin.","single","secondary",1693,"yes","cellular","2015/2/2",137,97,"success",0
"1575",1575,42,"management","divorced","unknown",7702,"no","cellular","2015/2/15",138,-1,"unknown",0
"2037",2037,45,"management","married","tertiary",-192,"yes","cellular","2015/1/30",138,-1,"unknown",1
"2696",2696,46,"technician","married","tertiary",405,"no","cellular","2015/3/9",138,-1,"unknown",1
"206",206,45,"technician","single","tertiary",0,"yes","cellular","2015/2/27",139,-1,"unknown",0
"1082",1082,48,"admin.","married","secondary",112,"no","cellular","2015/2/17",139,-1,"unknown",1
"1203",1203,41,"services","divorced","secondary",654,"yes","cellular","2015/1/23",139,-1,"unknown",0
"22",22,42,"management","divorced","tertiary",16,"no","cellular","2015/2/13",140,-1,"unknown",0
"1618",1618,43,"management","married","tertiary",1188,"no","cellular","2015/3/8",140,-1,"unknown",1
"1742",1742,41,"management","married","tertiary",51,"no","cellular","2015/3/3",140,-1,"unknown",1
"611",611,50,"services","single","secondary",72,"no","unknown","2015/1/24",141,-1,"unknown",0
"1097",1097,46,"technician","married","tertiary",217,"yes","cellular","2015/2/6",141,346,"other",1
"1390",1390,50,"management","married","tertiary",85,"no","cellular","2015/2/26",141,-1,"unknown",1
"2224",2224,42,"blue-collar","divorced","secondary",47,"yes","unknown","2015/3/9",141,-1,"unknown",0
"2594",2594,46,"management","single","secondary",295,"yes","unknown","2015/2/15",141,-1,"unknown",0
"2542",2542,47,"self-employed","married","unknown",14,"yes","cellular","2015/2/21",142,-1,"unknown",1
"2719",2719,48,"services","married","secondary",-20,"no","cellular","2015/3/6",142,-1,"unknown",1
"842",842,42,"technician","married","secondary",439,"no","cellular","2015/2/21",143,-1,"unknown",1
"1062",1062,49,"services","married","secondary",1122,"no","cellular","2015/1/28",143,-1,"unknown",1
"2561",2561,44,"blue-collar","married","secondary",1071,"yes","cellular","2015/2/20",143,357,"failure",1
"2607",2607,48,"technician","married","unknown",5543,"no","unknown","2015/2/28",143,-1,"unknown",1
"2847",2847,47,"blue-collar","married","primary",881,"yes","cellular","2015/3/5",143,370,"failure",1
"249",249,42,"management","married","tertiary",484,"yes","cellular","2015/2/22",144,-1,"unknown",1
"2025",2025,42,"self-employed","divorced","tertiary",216,"yes","cellular","2015/2/12",144,-1,"unknown",0
"236",236,48,"technician","divorced","secondary",20,"no","cellular","2015/2/9",145,-1,"unknown",0
"2606",2606,48,"management","married","primary",247,"yes","unknown","2015/2/27",145,-1,"unknown",1
"2770",2770,45,"admin.","married","secondary",0,"no","cellular","2015/2/19",145,-1,"unknown",1
"603",603,50,"blue-collar","married","primary",12519,"yes","cellular","2015/3/7",146,147,"success",1
"768",768,42,"admin.","single","secondary",1022,"yes","unknown","2015/1/24",146,-1,"unknown",0
"862",862,48,"management","married","tertiary",866,"no","cellular","2015/2/11",146,-1,"unknown",1
"2477",2477,45,"technician","married","secondary",2571,"no","unknown","2015/2/13",146,-1,"unknown",1
"456",456,42,"blue-collar","married","secondary",117,"yes","unknown","2015/2/11",147,-1,"unknown",1
"589",589,41,"blue-collar","married","secondary",-256,"yes","unknown","2015/2/21",147,-1,"unknown",1
"1659",1659,47,"blue-collar","married","primary",556,"yes","cellular","2015/2/12",147,264,"other",1
"1080",1080,50,"admin.","divorced","secondary",202,"no","cellular","2015/2/15",148,-1,"unknown",0
"2250",2250,49,"unemployed","divorced","tertiary",780,"no","cellular","2015/2/23",148,871,"failure",0
"2565",2565,50,"technician","divorced","secondary",-701,"yes","cellular","2015/2/24",148,-1,"unknown",0
"97",97,41,"admin.","married","tertiary",5426,"yes","unknown","2015/1/29",149,-1,"unknown",1
"1021",1021,42,"technician","married","secondary",994,"yes","cellular","2015/1/28",149,78,"failure",1
"2765",2765,42,"blue-collar","married","secondary",2157,"yes","cellular","2015/2/26",149,364,"failure",1
"36",36,42,"admin.","divorced","secondary",1811,"yes","unknown","2015/2/27",150,-1,"unknown",0
"629",629,45,"technician","married","secondary",88,"no","cellular","2015/2/11",150,-1,"unknown",1
"1300",1300,49,"blue-collar","married","secondary",-55,"no","unknown","2015/2/17",150,-1,"unknown",1
"2125",2125,43,"management","married","tertiary",291,"yes","unknown","2015/2/18",150,-1,"unknown",1
"2231",2231,48,"blue-collar","single","secondary",-552,"no","cellular","2015/2/4",150,-1,"unknown",0
"220",220,49,"services","married","secondary",400,"no","cellular","2015/1/24",151,-1,"unknown",1
"1875",1875,42,"blue-collar","married","unknown",-406,"yes","cellular","2015/1/31",152,-1,"unknown",1
"1934",1934,49,"blue-collar","married","primary",474,"yes","telephone","2015/2/11",152,221,"failure",1
"74",74,41,"services","married","tertiary",412,"yes","unknown","2015/2/4",154,-1,"unknown",1
"743",743,46,"services","married","secondary",0,"yes","cellular","2015/2/14",154,124,"other",1
"747",747,41,"technician","single","secondary",-41,"yes","cellular","2015/2/18",154,-1,"unknown",0
"385",385,41,"blue-collar","married","primary",8,"yes","cellular","2015/2/9",155,-1,"unknown",1
"2702",2702,45,"technician","divorced","secondary",809,"yes","cellular","2015/2/17",155,363,"failure",0
"434",434,43,"blue-collar","married","secondary",130,"no","cellular","2015/2/25",156,337,"failure",1
"404",404,48,"retired","married","primary",-285,"no","cellular","2015/1/26",157,-1,"unknown",1
"545",545,49,"admin.","married","secondary",2465,"no","cellular","2015/2/27",157,-1,"unknown",1
"687",687,47,"management","married","tertiary",7708,"yes","cellular","2015/3/7",157,-1,"unknown",1
"2556",2556,49,"unemployed","married","tertiary",377,"no","cellular","2015/2/15",158,59,"failure",1
"2763",2763,42,"management","married","tertiary",520,"no","cellular","2015/2/24",158,-1,"unknown",1
"56",56,48,"admin.","married","secondary",3064,"yes","telephone","2015/2/10",159,-1,"unknown",1
"349",349,44,"admin.","married","secondary",0,"yes","unknown","2015/1/27",159,-1,"unknown",1
"387",387,48,"management","married","tertiary",6613,"no","unknown","2015/2/11",159,-1,"unknown",1
"406",406,45,"self-employed","married","secondary",3098,"yes","cellular","2015/1/28",159,-1,"unknown",1
"1869",1869,42,"management","married","primary",-679,"yes","cellular","2015/3/11",159,343,"failure",1
"537",537,45,"management","married","tertiary",1529,"no","cellular","2015/2/19",160,-1,"unknown",1
"577",577,44,"services","married","secondary",0,"yes","cellular","2015/2/9",161,-1,"unknown",1
"1790",1790,41,"blue-collar","married","secondary",641,"yes","unknown","2015/2/18",161,-1,"unknown",1
"2425",2425,47,"management","married","tertiary",1890,"no","cellular","2015/2/23",161,-1,"unknown",1
"2460",2460,46,"housemaid","married","primary",0,"no","telephone","2015/2/8",161,-1,"unknown",1
"1973",1973,42,"technician","married","secondary",-1310,"yes","unknown","2015/2/5",162,-1,"unknown",1
"1828",1828,50,"management","married","tertiary",4374,"yes","cellular","2015/2/26",163,113,"failure",1
"1841",1841,44,"technician","divorced","secondary",316,"yes","cellular","2015/2/11",163,-1,"unknown",0
"341",341,41,"management","married","tertiary",832,"yes","cellular","2015/3/1",164,176,"failure",1
"1484",1484,43,"technician","single","tertiary",27733,"yes","unknown","2015/2/20",164,-1,"unknown",0
"2595",2595,48,"admin.","married","secondary",292,"yes","cellular","2015/2/16",164,-1,"unknown",1
"1898",1898,49,"management","married","tertiary",87,"no","cellular","2015/2/3",165,-1,"unknown",1
"176",176,43,"admin.","married","secondary",-465,"yes","cellular","2015/1/28",166,-1,"unknown",1
"1663",1663,50,"blue-collar","married","primary",1164,"yes","unknown","2015/2/16",166,-1,"unknown",1
"2082",2082,48,"unknown","married","unknown",286,"no","cellular","2015/2/15",166,-1,"unknown",1
"931",931,42,"blue-collar","married","primary",-119,"yes","cellular","2015/3/7",167,-1,"unknown",1
"2540",2540,44,"technician","divorced","secondary",14,"no","cellular","2015/2/19",167,92,"success",0
"2851",2851,43,"entrepreneur","married","tertiary",1574,"yes","cellular","2015/3/1",167,-1,"unknown",1
"148",148,48,"technician","married","secondary",1152,"yes","cellular","2015/2/5",168,-1,"unknown",1
"325",325,47,"blue-collar","married","primary",214,"yes","unknown","2015/2/13",168,-1,"unknown",1
"1087",1087,50,"self-employed","married","secondary",3025,"no","cellular","2015/1/27",168,-1,"unknown",1
"1516",1516,46,"housemaid","married","primary",19,"yes","telephone","2015/2/11",171,-1,"unknown",1
"1538",1538,43,"management","married","tertiary",690,"yes","cellular","2015/2/4",171,-1,"unknown",1
"1925",1925,44,"technician","divorced","secondary",-329,"yes","unknown","2015/2/2",171,-1,"unknown",0
"497",497,50,"housemaid","married","secondary",7317,"yes","cellular","2015/2/14",172,370,"failure",1
"1951",1951,50,"services","married","primary",1260,"no","cellular","2015/2/28",172,-1,"unknown",1
"2083",2083,46,"blue-collar","divorced","primary",216,"no","cellular","2015/2/16",173,-1,"unknown",0
"967",967,47,"self-employed","married","secondary",0,"no","unknown","2015/2/27",174,-1,"unknown",1
"991",991,46,"management","married","tertiary",964,"yes","cellular","2015/2/8",174,-1,"unknown",1
"2508",2508,42,"unemployed","single","secondary",2613,"yes","cellular","2015/2/8",174,-1,"unknown",0
"1173",1173,42,"blue-collar","married","secondary",230,"yes","unknown","2015/2/14",175,-1,"unknown",1
"1492",1492,41,"technician","married","secondary",351,"yes","cellular","2015/2/28",175,-1,"unknown",1
"2043",2043,43,"blue-collar","married","secondary",625,"yes","unknown","2015/2/5",175,-1,"unknown",1
"2195",2195,47,"management","married","tertiary",-50,"no","cellular","2015/2/8",175,-1,"unknown",1
"1309",1309,48,"technician","married","tertiary",0,"no","telephone","2015/1/28",176,-1,"unknown",1
"1428",1428,49,"self-employed","married","secondary",358,"yes","unknown","2015/2/12",176,-1,"unknown",1
"2441",2441,49,"technician","divorced","tertiary",0,"yes","cellular","2015/2/9",177,-1,"unknown",0
"1354",1354,44,"technician","married","tertiary",1146,"no","cellular","2015/2/14",178,-1,"unknown",1
"1685",1685,42,"blue-collar","single","primary",1322,"yes","cellular","2015/3/10",178,-1,"unknown",0
"1306",1306,44,"blue-collar","married","primary",-14,"yes","unknown","2015/1/25",179,-1,"unknown",1
"1252",1252,44,"admin.","married","secondary",2403,"yes","cellular","2015/2/9",180,-1,"unknown",1
"2154",2154,43,"blue-collar","married","primary",255,"yes","cellular","2015/2/7",180,-1,"unknown",1
"26",26,41,"management","married","tertiary",5883,"no","cellular","2015/2/17",182,-1,"unknown",1
"418",418,45,"blue-collar","single","primary",999,"no","cellular","2015/2/9",182,-1,"unknown",0
"883",883,50,"housemaid","divorced","primary",94,"yes","cellular","2015/3/4",184,-1,"unknown",0
"894",894,49,"management","single","secondary",61,"yes","cellular","2015/1/29",185,246,"failure",0
"1594",1594,50,"services","married","secondary",1572,"yes","cellular","2015/2/12",185,-1,"unknown",1
"1633",1633,41,"technician","married","secondary",55,"yes","cellular","2015/2/6",185,-1,"unknown",1
"131",131,41,"blue-collar","married","primary",168,"yes","cellular","2015/3/4",187,-1,"unknown",1
"1022",1022,45,"admin.","married","secondary",5346,"yes","unknown","2015/1/29",187,-1,"unknown",1
"2002",2002,45,"blue-collar","married","primary",137,"yes","unknown","2015/3/6",187,-1,"unknown",1
"365",365,45,"management","married","tertiary",5450,"no","cellular","2015/2/12",188,-1,"unknown",1
"2846",2846,44,"management","married","tertiary",1058,"no","cellular","2015/3/4",188,-1,"unknown",1
"1652",1652,45,"blue-collar","married","primary",1291,"yes","cellular","2015/2/5",189,-1,"unknown",1
"1800",1800,41,"technician","married","tertiary",13,"no","unknown","2015/1/29",189,-1,"unknown",1
"2518",2518,48,"blue-collar","married","unknown",131,"yes","unknown","2015/2/18",189,-1,"unknown",1
"2736",2736,47,"entrepreneur","married","tertiary",459,"yes","cellular","2015/2/21",189,-1,"unknown",1
"2497",2497,46,"management","single","tertiary",593,"yes","cellular","2015/3/5",190,-1,"unknown",0
"1955",1955,49,"retired","married","primary",-37,"no","unknown","2015/3/4",191,-1,"unknown",1
"554",554,42,"self-employed","married","tertiary",1932,"yes","unknown","2015/3/8",192,-1,"unknown",1
"730",730,47,"management","single","tertiary",153,"yes","cellular","2015/2/1",192,-1,"unknown",0
"752",752,46,"admin.","married","secondary",3098,"yes","telephone","2015/2/23",192,-1,"unknown",1
"149",149,46,"admin.","married","secondary",179,"yes","cellular","2015/2/6",194,436,"other",1
"233",233,44,"technician","single","secondary",33,"yes","cellular","2015/2/6",195,351,"failure",0
"2167",2167,47,"technician","married","secondary",826,"yes","telephone","2015/2/20",195,112,"other",1
"207",207,42,"technician","married","secondary",2030,"yes","cellular","2015/2/28",196,-1,"unknown",1
"1967",1967,44,"blue-collar","married","primary",10,"yes","cellular","2015/1/30",196,-1,"unknown",1
"586",586,43,"management","divorced","tertiary",38,"yes","cellular","2015/2/18",197,-1,"unknown",0
"2590",2590,45,"entrepreneur","divorced","tertiary",1273,"yes","unknown","2015/2/11",197,-1,"unknown",0
"311",311,49,"blue-collar","married","secondary",8545,"yes","cellular","2015/1/30",199,167,"failure",1
"672",672,44,"technician","married","secondary",310,"yes","cellular","2015/2/20",200,253,"failure",1
"1068",1068,44,"management","married","secondary",8262,"yes","cellular","2015/2/3",201,-1,"unknown",1
"1220",1220,47,"blue-collar","married","primary",320,"no","telephone","2015/2/9",203,-1,"unknown",1
"1603",1603,47,"admin.","divorced","secondary",162,"yes","unknown","2015/2/21",203,-1,"unknown",0
"2380",2380,42,"blue-collar","divorced","secondary",1491,"yes","cellular","2015/3/4",203,334,"failure",0
"2815",2815,43,"technician","married","tertiary",192,"no","cellular","2015/2/25",203,-1,"unknown",1
"1836",1836,46,"management","married","tertiary",-3,"no","cellular","2015/2/6",205,-1,"unknown",1
"835",835,50,"unemployed","married","secondary",1772,"no","cellular","2015/2/14",206,-1,"unknown",1
"2843",2843,48,"management","married","primary",3230,"yes","telephone","2015/3/1",207,-1,"unknown",1
"388",388,48,"technician","married","secondary",302,"yes","unknown","2015/2/12",208,-1,"unknown",1
"1638",1638,43,"blue-collar","married","primary",1211,"yes","unknown","2015/2/11",208,-1,"unknown",1
"2443",2443,45,"technician","married","secondary",118,"yes","unknown","2015/2/11",208,-1,"unknown",1
"362",362,42,"blue-collar","married","primary",0,"yes","cellular","2015/2/9",209,-1,"unknown",1
"680",680,44,"housemaid","married","primary",3706,"no","unknown","2015/2/28",209,-1,"unknown",1
"717",717,45,"blue-collar","married","secondary",115,"no","cellular","2015/2/19",209,-1,"unknown",1
"1325",1325,41,"entrepreneur","married","tertiary",171,"yes","cellular","2015/2/13",209,191,"failure",1
"2017",2017,43,"technician","married","secondary",7876,"yes","cellular","2015/2/4",209,-1,"unknown",1
"1205",1205,44,"entrepreneur","married","tertiary",3463,"yes","cellular","2015/1/25",210,-1,"unknown",1
"2783",2783,41,"technician","married","secondary",64,"yes","unknown","2015/3/4",210,-1,"unknown",1
"292",292,47,"blue-collar","married","secondary",480,"yes","unknown","2015/2/22",211,-1,"unknown",1
"637",637,41,"blue-collar","divorced","primary",2195,"yes","unknown","2015/2/19",211,-1,"unknown",0
"1129",1129,43,"technician","divorced","secondary",167,"no","cellular","2015/2/2",211,-1,"unknown",0
"2638",2638,44,"self-employed","married","secondary",313,"no","cellular","2015/2/11",211,-1,"unknown",1
"421",421,42,"admin.","divorced","secondary",1076,"yes","unknown","2015/2/12",213,-1,"unknown",0
"2004",2004,46,"admin.","married","secondary",-121,"yes","cellular","2015/3/8",214,-1,"unknown",1
"1013",1013,48,"blue-collar","married","secondary",841,"yes","unknown","2015/3/2",215,-1,"unknown",1
"2035",2035,42,"technician","married","secondary",473,"yes","cellular","2015/2/22",216,-1,"unknown",1
"1430",1430,43,"blue-collar","married","primary",7343,"yes","unknown","2015/2/14",217,-1,"unknown",1
"2427",2427,46,"blue-collar","married","secondary",519,"yes","cellular","2015/2/25",217,-1,"unknown",1
"2453",2453,42,"management","divorced","tertiary",401,"yes","cellular","2015/2/21",217,-1,"unknown",0
"528",528,49,"unemployed","divorced","secondary",66,"no","cellular","2015/2/10",218,-1,"unknown",0
"2539",2539,44,"management","married","secondary",-1746,"yes","unknown","2015/2/18",218,-1,"unknown",1
"572",572,50,"self-employed","married","secondary",1138,"no","cellular","2015/2/4",219,-1,"unknown",1
"1485",1485,44,"entrepreneur","married","primary",276,"yes","unknown","2015/2/21",219,-1,"unknown",1
"654",654,45,"services","married","secondary",1343,"no","cellular","2015/2/2",220,-1,"unknown",1
"1503",1503,49,"admin.","married","secondary",635,"no","cellular","2015/1/29",220,-1,"unknown",1
"2102",2102,48,"technician","married","secondary",4265,"yes","unknown","2015/3/7",220,-1,"unknown",1
"396",396,41,"technician","married","secondary",288,"yes","unknown","2015/2/20",221,-1,"unknown",1
"1429",1429,42,"services","married","secondary",292,"yes","cellular","2015/2/13",222,-1,"unknown",1
"354",354,50,"management","married","tertiary",4,"no","cellular","2015/2/1",223,96,"failure",1
"1749",1749,49,"admin.","married","secondary",197,"yes","cellular","2015/1/28",223,182,"failure",1
"1333",1333,45,"admin.","married","secondary",204,"yes","cellular","2015/1/24",224,-1,"unknown",1
"808",808,48,"blue-collar","married","secondary",-202,"yes","cellular","2015/3/5",225,-1,"unknown",1
"1155",1155,47,"admin.","married","secondary",1934,"no","cellular","2015/1/27",225,364,"failure",1
"2124",2124,41,"technician","divorced","secondary",348,"yes","cellular","2015/2/17",225,275,"failure",0
"2733",2733,45,"technician","married","primary",-322,"no","unknown","2015/2/18",225,-1,"unknown",1
"462",462,50,"blue-collar","married","secondary",283,"yes","cellular","2015/2/17",226,-1,"unknown",1
"63",63,48,"management","married","tertiary",5887,"no","cellular","2015/1/24",227,-1,"unknown",1
"1259",1259,48,"blue-collar","married","secondary",741,"yes","cellular","2015/2/16",227,-1,"unknown",1
"2466",2466,44,"unemployed","single","primary",4232,"no","unknown","2015/2/14",227,-1,"unknown",0
"1081",1081,43,"blue-collar","married","secondary",667,"yes","unknown","2015/2/16",228,-1,"unknown",1
"1710",1710,46,"admin.","married","secondary",70,"yes","cellular","2015/1/30",229,-1,"unknown",1
"1304",1304,42,"management","married","unknown",1519,"no","cellular","2015/1/23",230,92,"success",1
"2168",2168,45,"blue-collar","married","primary",907,"no","cellular","2015/2/21",230,-1,"unknown",1
"2257",2257,41,"management","single","secondary",764,"no","cellular","2015/2/2",230,-1,"unknown",0
"2800",2800,43,"management","married","tertiary",2886,"no","cellular","2015/2/22",230,-1,"unknown",1
"505",505,41,"management","married","tertiary",3872,"no","cellular","2015/2/22",231,-1,"unknown",1
"695",695,49,"management","married","tertiary",1430,"no","cellular","2015/1/28",231,-1,"unknown",1
"1116",1116,41,"admin.","married","secondary",5110,"yes","cellular","2015/2/25",231,-1,"unknown",1
"2510",2510,41,"blue-collar","married","primary",0,"yes","unknown","2015/2/10",232,-1,"unknown",1
"2616",2616,45,"blue-collar","married","secondary",776,"yes","cellular","2015/3/9",232,253,"failure",1
"2205",2205,49,"services","married","secondary",47,"no","unknown","2015/2/18",234,-1,"unknown",1
"2206",2206,41,"admin.","divorced","secondary",3823,"no","cellular","2015/2/19",234,-1,"unknown",0
"2522",2522,46,"unemployed","married","secondary",3533,"yes","cellular","2015/2/22",235,-1,"unknown",1
"547",547,47,"self-employed","married","secondary",2,"no","cellular","2015/3/1",236,-1,"unknown",1
"2140",2140,42,"entrepreneur","married","tertiary",0,"no","cellular","2015/3/5",236,-1,"unknown",1
"522",522,50,"entrepreneur","married","secondary",665,"no","telephone","2015/2/4",238,-1,"unknown",1
"2068",2068,41,"housemaid","divorced","primary",22,"yes","cellular","2015/2/1",238,126,"other",0
"540",540,41,"admin.","married","secondary",920,"yes","unknown","2015/2/22",239,-1,"unknown",1
"2671",2671,46,"admin.","married","secondary",0,"yes","cellular","2015/2/12",239,259,"failure",1
"2743",2743,47,"blue-collar","married","secondary",1203,"yes","cellular","2015/2/13",239,-1,"unknown",1
"1711",1711,43,"unemployed","married","primary",960,"yes","unknown","2015/1/31",241,-1,"unknown",1
"1405",1405,50,"management","married","tertiary",0,"no","cellular","2015/3/13",243,-1,"unknown",1
"2665",2665,48,"admin.","divorced","unknown",-70,"no","cellular","2015/3/10",243,-1,"unknown",0
"709",709,41,"blue-collar","married","secondary",429,"yes","unknown","2015/2/11",244,-1,"unknown",1
"247",247,42,"management","married","secondary",-189,"yes","unknown","2015/2/20",247,-1,"unknown",1
"1662",1662,45,"admin.","single","secondary",-11,"yes","cellular","2015/2/15",247,-1,"unknown",0
"2059",2059,50,"management","divorced","tertiary",201,"yes","cellular","2015/2/21",248,-1,"unknown",0
"2627",2627,48,"blue-collar","married","primary",5366,"yes","unknown","2015/2/13",248,-1,"unknown",1
"648",648,46,"management","divorced","tertiary",6269,"yes","telephone","2015/1/27",249,112,"failure",0
"541",541,47,"admin.","single","secondary",3696,"no","cellular","2015/2/23",250,181,"success",0
"2432",2432,42,"unemployed","married","secondary",1289,"no","cellular","2015/3/2",250,415,"failure",1
"2395",2395,44,"unknown","married","secondary",2319,"no","cellular","2015/2/7",251,-1,"unknown",1
"1277",1277,41,"management","divorced","tertiary",5037,"no","cellular","2015/1/25",252,185,"other",0
"2116",2116,42,"housemaid","married","primary",145,"no","cellular","2015/2/9",252,-1,"unknown",1
"475",475,41,"management","married","tertiary",666,"yes","unknown","2015/1/23",253,-1,"unknown",1
"659",659,47,"technician","married","secondary",57,"no","cellular","2015/2/7",253,342,"success",1
"2285",2285,43,"blue-collar","married","secondary",3060,"yes","unknown","2015/3/2",253,-1,"unknown",1
"2370",2370,45,"entrepreneur","married","secondary",68,"yes","unknown","2015/2/22",254,-1,"unknown",1
"1497",1497,44,"unemployed","single","secondary",3945,"no","cellular","2015/1/23",255,-1,"unknown",0
"1819",1819,48,"technician","married","secondary",340,"yes","cellular","2015/2/17",255,-1,"unknown",1
"1619",1619,50,"blue-collar","married","primary",8139,"yes","cellular","2015/3/9",256,-1,"unknown",1
"913",913,43,"technician","single","tertiary",1017,"yes","unknown","2015/2/17",257,-1,"unknown",0
"1520",1520,49,"unemployed","married","secondary",769,"yes","unknown","2015/2/15",257,-1,"unknown",1
"2215",2215,42,"technician","divorced","secondary",-280,"yes","unknown","2015/2/28",258,-1,"unknown",0
"2451",2451,42,"blue-collar","married","primary",2519,"yes","unknown","2015/2/19",262,-1,"unknown",1
"2361",2361,48,"blue-collar","married","primary",1678,"no","cellular","2015/2/13",263,-1,"unknown",1
"757",757,48,"management","married","tertiary",1167,"yes","cellular","2015/2/28",264,-1,"unknown",1
"2409",2409,46,"blue-collar","married","secondary",0,"yes","cellular","2015/2/7",264,-1,"unknown",1
"2686",2686,45,"admin.","divorced","secondary",0,"no","cellular","2015/2/27",264,-1,"unknown",0
"440",440,44,"management","married","tertiary",22,"yes","cellular","2015/1/26",265,-1,"unknown",1
"697",697,41,"self-employed","married","tertiary",6000,"yes","cellular","2015/1/30",265,-1,"unknown",1
"1539",1539,50,"blue-collar","divorced","secondary",203,"yes","telephone","2015/2/5",265,127,"other",0
"1247",1247,47,"management","married","tertiary",109,"yes","cellular","2015/2/4",268,-1,"unknown",1
"2822",2822,46,"technician","divorced","secondary",-90,"no","telephone","2015/3/4",270,-1,"unknown",0
"202",202,48,"technician","married","secondary",1526,"no","cellular","2015/2/23",273,-1,"unknown",1
"1411",1411,49,"technician","divorced","secondary",265,"yes","unknown","2015/1/26",274,-1,"unknown",0
"2493",2493,50,"management","single","tertiary",567,"yes","unknown","2015/3/1",274,-1,"unknown",0
"1569",1569,42,"technician","single","secondary",0,"yes","unknown","2015/2/9",275,-1,"unknown",0
"936",936,46,"blue-collar","married","primary",2904,"no","cellular","2015/1/27",277,-1,"unknown",1
"2094",2094,47,"technician","married","secondary",72,"no","unknown","2015/2/27",278,-1,"unknown",1
"2643",2643,46,"blue-collar","married","primary",143,"yes","unknown","2015/2/16",279,-1,"unknown",1
"145",145,42,"admin.","married","secondary",323,"yes","unknown","2015/2/2",280,-1,"unknown",1
"1531",1531,41,"services","married","secondary",3992,"yes","telephone","2015/1/28",281,-1,"unknown",1
"2458",2458,50,"unemployed","divorced","secondary",32,"no","cellular","2015/2/6",282,-1,"unknown",0
"364",364,49,"blue-collar","married","secondary",2039,"yes","cellular","2015/2/11",283,-1,"unknown",1
"2756",2756,49,"services","married","secondary",1114,"no","cellular","2015/2/17",283,-1,"unknown",1
"2190",2190,43,"blue-collar","married","primary",778,"yes","unknown","2015/2/3",284,-1,"unknown",1
"199",199,42,"technician","married","tertiary",782,"no","cellular","2015/2/20",285,-1,"unknown",1
"806",806,41,"technician","married","secondary",2125,"yes","cellular","2015/3/3",285,116,"failure",1
"1611",1611,49,"blue-collar","married","primary",1019,"yes","cellular","2015/3/1",285,-1,"unknown",1
"1630",1630,42,"blue-collar","married","secondary",130,"yes","unknown","2015/2/3",285,-1,"unknown",1
"2261",2261,47,"services","divorced","secondary",691,"no","cellular","2015/2/6",285,-1,"unknown",0
"2707",2707,41,"management","married","unknown",2457,"yes","unknown","2015/2/22",285,-1,"unknown",1
"405",405,50,"blue-collar","married","secondary",887,"no","unknown","2015/1/27",287,-1,"unknown",1
"1006",1006,41,"management","married","tertiary",10758,"yes","cellular","2015/2/23",288,-1,"unknown",1
"1152",1152,44,"admin.","married","secondary",205,"no","cellular","2015/1/24",289,-1,"unknown",1
"96",96,41,"unknown","single","tertiary",1567,"no","cellular","2015/1/28",291,-1,"unknown",0
"524",524,47,"blue-collar","married","primary",233,"no","cellular","2015/2/6",293,-1,"unknown",1
"665",665,46,"blue-collar","single","secondary",324,"yes","unknown","2015/2/13",293,-1,"unknown",0
"1380",1380,46,"admin.","married","secondary",368,"no","cellular","2015/2/16",293,90,"other",1
"1055",1055,41,"services","divorced","secondary",787,"yes","cellular","2015/3/3",297,-1,"unknown",0
"1114",1114,50,"technician","single","secondary",3897,"no","cellular","2015/2/23",298,-1,"unknown",0
"1386",1386,42,"admin.","married","secondary",3165,"yes","unknown","2015/2/22",298,-1,"unknown",1
"1801",1801,44,"entrepreneur","married","tertiary",0,"yes","unknown","2015/1/30",300,-1,"unknown",1
"1953",1953,41,"admin.","divorced","secondary",6046,"yes","telephone","2015/3/2",300,182,"success",0
"1563",1563,43,"blue-collar","married","primary",7727,"yes","unknown","2015/2/3",302,-1,"unknown",1
"1814",1814,46,"management","married","tertiary",1375,"yes","cellular","2015/2/12",308,-1,"unknown",1
"1767",1767,45,"technician","married","secondary",1415,"yes","cellular","2015/2/15",311,-1,"unknown",1
"2656",2656,42,"technician","married","secondary",4945,"yes","cellular","2015/3/1",311,-1,"unknown",1
"289",289,41,"management","married","tertiary",49,"yes","cellular","2015/2/19",312,-1,"unknown",1
"10",10,43,"services","married","primary",-88,"yes","cellular","2015/2/1",313,147,"failure",1
"1276",1276,41,"blue-collar","married","secondary",-217,"yes","cellular","2015/1/24",313,349,"other",1
"1012",1012,42,"entrepreneur","married","primary",198,"yes","unknown","2015/3/1",314,-1,"unknown",1
"889",889,43,"blue-collar","married","primary",757,"yes","unknown","2015/1/24",315,-1,"unknown",1
"1103",1103,48,"management","married","tertiary",7289,"yes","cellular","2015/2/12",316,-1,"unknown",1
"1038",1038,43,"management","married","tertiary",2767,"yes","unknown","2015/2/14",317,-1,"unknown",1
"679",679,49,"services","single","secondary",133,"no","unknown","2015/2/27",319,-1,"unknown",0
"2576",2576,45,"blue-collar","married","secondary",827,"yes","unknown","2015/3/7",319,-1,"unknown",1
"350",350,47,"self-employed","married","tertiary",2303,"yes","cellular","2015/1/28",323,364,"failure",1
"1363",1363,47,"services","married","secondary",2597,"yes","unknown","2015/1/30",323,-1,"unknown",1
"414",414,42,"management","married","tertiary",0,"no","cellular","2015/2/5",325,-1,"unknown",1
"2240",2240,42,"blue-collar","married","secondary",0,"yes","cellular","2015/2/13",328,-1,"unknown",1
"571",571,46,"entrepreneur","married","unknown",242,"yes","unknown","2015/2/3",332,-1,"unknown",1
"812",812,45,"services","divorced","secondary",88,"no","cellular","2015/3/9",332,-1,"unknown",0
"1532",1532,46,"blue-collar","married","primary",2749,"yes","cellular","2015/1/29",332,-1,"unknown",1
"2401",2401,43,"self-employed","married","secondary",104,"no","unknown","2015/2/13",332,-1,"unknown",1
"151",151,41,"entrepreneur","married","unknown",89,"yes","unknown","2015/2/8",333,-1,"unknown",1
"1919",1919,43,"blue-collar","married","secondary",-179,"yes","cellular","2015/2/24",335,-1,"unknown",1
"856",856,46,"management","divorced","tertiary",624,"no","cellular","2015/2/5",336,183,"success",0
"2276",2276,45,"management","married","tertiary",-206,"yes","cellular","2015/2/21",337,-1,"unknown",1
"496",496,48,"management","divorced","tertiary",1328,"yes","unknown","2015/2/13",339,-1,"unknown",0
"2653",2653,50,"entrepreneur","married","secondary",1011,"yes","telephone","2015/2/26",340,-1,"unknown",1
"2320",2320,44,"management","married","secondary",-665,"no","cellular","2015/2/27",342,-1,"unknown",1
"1861",1861,48,"management","married","secondary",99,"yes","unknown","2015/3/3",344,-1,"unknown",1
"103",103,49,"technician","married","secondary",5996,"no","telephone","2015/2/4",345,-1,"unknown",1
"2677",2677,48,"blue-collar","married","primary",574,"no","cellular","2015/2/18",348,-1,"unknown",1
"614",614,41,"self-employed","married","tertiary",231,"no","cellular","2015/1/27",352,-1,"unknown",1
"2560",2560,43,"technician","married","secondary",17,"yes","unknown","2015/2/19",353,-1,"unknown",1
"35",35,49,"technician","married","tertiary",1235,"no","cellular","2015/2/26",354,-1,"unknown",1
"1791",1791,45,"technician","married","secondary",1477,"yes","cellular","2015/2/19",355,-1,"unknown",1
"330",330,48,"admin.","single","secondary",1150,"yes","unknown","2015/2/18",357,-1,"unknown",0
"1307",1307,49,"services","married","secondary",5673,"no","cellular","2015/1/26",357,-1,"unknown",1
"77",77,41,"blue-collar","divorced","secondary",174,"yes","cellular","2015/2/7",367,297,"other",0
"1111",1111,50,"blue-collar","divorced","primary",-10,"no","cellular","2015/2/20",369,-1,"unknown",0
"2292",2292,42,"admin.","married","secondary",0,"no","unknown","2015/3/9",370,-1,"unknown",1
"259",259,42,"technician","divorced","tertiary",7190,"yes","cellular","2015/3/4",375,-1,"unknown",0
"1321",1321,48,"management","married","tertiary",60,"no","telephone","2015/2/9",376,339,"failure",1
"1890",1890,42,"management","married","tertiary",1205,"no","telephone","2015/2/15",376,-1,"unknown",1
"2056",2056,48,"technician","married","secondary",568,"yes","cellular","2015/2/18",378,386,"success",1
"2812",2812,44,"blue-collar","married","primary",134,"yes","cellular","2015/2/22",378,-1,"unknown",1
"2398",2398,43,"blue-collar","single","primary",30,"yes","unknown","2015/2/10",379,-1,"unknown",0
"72",72,42,"entrepreneur","divorced","tertiary",2,"yes","unknown","2015/2/2",380,-1,"unknown",0
"1936",1936,46,"entrepreneur","married","secondary",757,"no","unknown","2015/2/13",382,-1,"unknown",1
"721",721,48,"entrepreneur","married","tertiary",810,"no","unknown","2015/1/23",383,-1,"unknown",1
"2712",2712,47,"unknown","married","unknown",677,"no","cellular","2015/2/27",384,99,"success",1
"1673",1673,47,"services","single","unknown",1784,"no","cellular","2015/2/26",385,-1,"unknown",0
"2048",2048,43,"unknown","married","tertiary",1937,"no","unknown","2015/2/10",385,-1,"unknown",1
"2412",2412,41,"technician","divorced","secondary",0,"yes","cellular","2015/2/10",386,-1,"unknown",0
"2423",2423,42,"blue-collar","married","primary",7041,"yes","cellular","2015/2/21",386,-1,"unknown",1
"1939",1939,44,"self-employed","divorced","secondary",80,"yes","unknown","2015/2/16",387,-1,"unknown",0
"494",494,46,"admin.","married","secondary",22,"no","cellular","2015/2/11",388,-1,"unknown",1
"1740",1740,49,"housemaid","married","primary",889,"no","telephone","2015/3/1",388,-1,"unknown",1
"1061",1061,48,"management","married","tertiary",1147,"no","cellular","2015/1/27",389,64,"success",1
"2238",2238,46,"services","married","secondary",451,"yes","cellular","2015/2/11",389,-1,"unknown",1
"2637",2637,47,"services","divorced","secondary",4906,"yes","unknown","2015/2/10",389,-1,"unknown",0
"2711",2711,44,"services","divorced","secondary",0,"yes","unknown","2015/2/26",389,-1,"unknown",0
"1623",1623,45,"blue-collar","single","primary",-183,"no","cellular","2015/1/27",395,-1,"unknown",0
"1802",1802,49,"blue-collar","married","secondary",579,"yes","unknown","2015/1/31",396,-1,"unknown",1
"359",359,48,"admin.","divorced","secondary",4099,"no","cellular","2015/2/6",397,-1,"unknown",0
"758",758,50,"admin.","married","secondary",231,"yes","cellular","2015/3/1",397,-1,"unknown",1
"1387",1387,50,"services","married","secondary",254,"yes","cellular","2015/2/23",397,337,"failure",1
"1930",1930,46,"unemployed","single","tertiary",705,"no","cellular","2015/2/7",398,-1,"unknown",0
"2061",2061,43,"blue-collar","married","primary",-93,"yes","unknown","2015/2/23",402,-1,"unknown",1
"811",811,46,"blue-collar","married","secondary",-216,"yes","cellular","2015/3/8",404,-1,"unknown",1
"560",560,47,"technician","divorced","secondary",2914,"yes","cellular","2015/1/23",405,-1,"unknown",0
"1088",1088,47,"self-employed","married","tertiary",751,"no","cellular","2015/1/28",408,-1,"unknown",1
"1964",1964,49,"management","married","tertiary",852,"yes","cellular","2015/3/13",408,-1,"unknown",1
"1863",1863,47,"blue-collar","married","secondary",1230,"yes","cellular","2015/3/5",412,169,"success",1
"1733",1733,48,"management","married","primary",1910,"yes","unknown","2015/2/22",413,-1,"unknown",1
"2416",2416,42,"management","married","tertiary",251,"no","cellular","2015/2/14",413,-1,"unknown",1
"2113",2113,46,"admin.","married","secondary",22,"yes","cellular","2015/2/6",414,-1,"unknown",1
"2422",2422,44,"management","single","tertiary",5063,"no","cellular","2015/2/20",418,-1,"unknown",0
"363",363,50,"housemaid","married","primary",395,"yes","unknown","2015/2/10",419,-1,"unknown",1
"2464",2464,47,"blue-collar","single","unknown",2443,"no","unknown","2015/2/12",422,-1,"unknown",0
"1948",1948,47,"unemployed","married","secondary",3188,"yes","cellular","2015/2/25",426,-1,"unknown",1
"1451",1451,49,"self-employed","married","secondary",1103,"no","cellular","2015/3/7",428,-1,"unknown",1
"1586",1586,42,"blue-collar","married","secondary",5639,"yes","cellular","2015/2/4",430,-1,"unknown",1
"1044",1044,41,"blue-collar","married","secondary",780,"yes","cellular","2015/2/20",432,-1,"unknown",1
"760",760,42,"entrepreneur","married","tertiary",233,"no","cellular","2015/3/3",446,-1,"unknown",1
"2691",2691,45,"blue-collar","married","primary",0,"no","cellular","2015/3/4",454,-1,"unknown",1
"2768",2768,47,"self-employed","married","secondary",1121,"no","unknown","2015/2/17",454,-1,"unknown",1
"962",962,41,"blue-collar","married","secondary",552,"yes","cellular","2015/2/22",463,-1,"unknown",1
"2487",2487,50,"unknown","married","unknown",558,"no","cellular","2015/2/23",464,683,"failure",1
"2317",2317,43,"entrepreneur","married","tertiary",13342,"yes","cellular","2015/2/24",465,-1,"unknown",1
"2563",2563,46,"admin.","divorced","secondary",7378,"no","cellular","2015/2/22",466,-1,"unknown",0
"314",314,43,"management","married","tertiary",2,"no","cellular","2015/2/2",472,-1,"unknown",1
"2640",2640,50,"management","married","tertiary",1240,"no","cellular","2015/2/13",474,-1,"unknown",1
"2420",2420,41,"blue-collar","single","secondary",-386,"no","cellular","2015/2/18",477,-1,"unknown",0
"2706",2706,41,"blue-collar","single","secondary",75,"yes","unknown","2015/2/21",479,-1,"unknown",0
"1990",1990,45,"blue-collar","married","secondary",2926,"yes","cellular","2015/2/22",482,120,"failure",1
"1511",1511,45,"technician","married","secondary",1415,"yes","cellular","2015/2/6",483,116,"failure",1
"975",975,41,"blue-collar","married","primary",2067,"yes","cellular","2015/1/23",493,-1,"unknown",1
"2130",2130,41,"admin.","married","primary",-306,"yes","unknown","2015/2/23",500,-1,"unknown",1
"500",500,42,"management","single","tertiary",515,"yes","cellular","2015/2/17",501,-1,"unknown",0
"558",558,43,"management","single","tertiary",1304,"no","cellular","2015/3/12",501,-1,"unknown",0
"1177",1177,50,"management","married","tertiary",-470,"yes","cellular","2015/2/18",506,170,"failure",1
"905",905,45,"management","married","tertiary",-459,"no","cellular","2015/2/9",508,-1,"unknown",1
"801",801,50,"management","married","tertiary",2881,"no","cellular","2015/2/26",510,2,"other",1
"420",420,46,"technician","married","secondary",1322,"yes","cellular","2015/2/11",514,-1,"unknown",1
"2123",2123,48,"unemployed","married","secondary",817,"no","cellular","2015/2/16",517,282,"success",1
"2498",2498,42,"blue-collar","married","primary",505,"yes","unknown","2015/3/6",521,-1,"unknown",1
"1341",1341,48,"technician","married","secondary",127,"no","cellular","2015/2/1",524,-1,"unknown",1
"2286",2286,44,"services","married","secondary",5780,"yes","cellular","2015/3/3",525,-1,"unknown",1
"291",291,50,"blue-collar","married","primary",4108,"yes","cellular","2015/2/21",526,-1,"unknown",1
"1403",1403,48,"management","divorced","tertiary",507,"yes","cellular","2015/3/11",528,-1,"unknown",0
"925",925,45,"housemaid","married","primary",7353,"no","cellular","2015/3/1",536,-1,"unknown",1
"1751",1751,47,"housemaid","single","tertiary",3232,"no","telephone","2015/1/30",541,204,"failure",0
"168",168,45,"blue-collar","divorced","secondary",1269,"yes","cellular","2015/2/25",549,-1,"unknown",0
"1907",1907,49,"blue-collar","divorced","primary",15,"yes","unknown","2015/2/12",550,-1,"unknown",0
"61",61,41,"blue-collar","married","primary",-516,"no","telephone","2015/2/15",554,-1,"unknown",1
"789",789,43,"technician","married","secondary",764,"yes","cellular","2015/2/14",557,-1,"unknown",1
"1782",1782,47,"management","married","tertiary",286,"no","cellular","2015/2/10",557,-1,"unknown",1
"1018",1018,49,"blue-collar","married","secondary",-454,"yes","cellular","2015/1/25",558,-1,"unknown",1
"2467",2467,42,"self-employed","married","secondary",5564,"no","cellular","2015/2/15",560,-1,"unknown",1
"120",120,46,"management","divorced","tertiary",25,"no","unknown","2015/2/21",564,-1,"unknown",0
"534",534,46,"technician","divorced","secondary",3455,"yes","unknown","2015/2/16",566,-1,"unknown",0
"846",846,43,"technician","married","secondary",-932,"yes","cellular","2015/1/26",567,-1,"unknown",1
"2283",2283,44,"blue-collar","single","primary",787,"yes","unknown","2015/2/28",570,-1,"unknown",0
"1696",1696,43,"admin.","married","secondary",132,"no","cellular","2015/2/5",574,84,"success",1
"523",523,43,"admin.","divorced","secondary",738,"yes","cellular","2015/2/5",585,191,"failure",0
"1753",1753,47,"services","married","tertiary",871,"no","cellular","2015/2/1",602,-1,"unknown",1
"1914",1914,48,"housemaid","married","primary",7195,"no","cellular","2015/2/19",609,-1,"unknown",1
"1525",1525,42,"blue-collar","married","primary",792,"yes","cellular","2015/2/20",611,175,"other",1
"1870",1870,44,"management","married","tertiary",773,"no","cellular","2015/3/12",618,-1,"unknown",1
"69",69,41,"management","married","secondary",0,"no","cellular","2015/1/30",630,-1,"unknown",1
"1577",1577,48,"management","married","secondary",117,"yes","cellular","2015/1/26",635,-1,"unknown",1
"2183",2183,43,"entrepreneur","married","secondary",104,"yes","cellular","2015/3/8",635,-1,"unknown",1
"318",318,50,"admin.","married","primary",276,"no","unknown","2015/2/6",641,-1,"unknown",1
"559",559,41,"blue-collar","married","secondary",720,"no","cellular","2015/3/13",651,-1,"unknown",1
"216",216,42,"management","married","tertiary",372,"yes","cellular","2015/3/9",654,-1,"unknown",1
"2752",2752,42,"technician","single","secondary",0,"no","cellular","2015/2/22",656,-1,"unknown",0
"1739",1739,44,"management","divorced","tertiary",2058,"no","cellular","2015/2/28",661,-1,"unknown",0
"590",590,43,"blue-collar","married","secondary",105,"no","cellular","2015/2/22",668,-1,"unknown",1
"2255",2255,48,"unemployed","married","tertiary",-471,"yes","unknown","2015/2/28",668,-1,"unknown",1
"245",245,50,"blue-collar","married","secondary",606,"yes","unknown","2015/2/18",673,-1,"unknown",1
"1993",1993,43,"admin.","married","secondary",0,"yes","cellular","2015/2/25",674,-1,"unknown",1
"242",242,50,"self-employed","married","tertiary",4012,"no","cellular","2015/2/15",690,-1,"unknown",1
"2747",2747,47,"technician","married","secondary",1219,"no","cellular","2015/2/17",697,-1,"unknown",1
"79",79,50,"blue-collar","divorced","primary",388,"no","cellular","2015/2/9",701,-1,"unknown",0
"2220",2220,44,"technician","married","secondary",2776,"yes","cellular","2015/3/5",701,-1,"unknown",1
"2373",2373,43,"services","single","secondary",3403,"yes","cellular","2015/2/25",707,97,"success",0
"1995",1995,44,"management","married","primary",4758,"yes","cellular","2015/2/27",712,-1,"unknown",1
"1612",1612,46,"management","divorced","tertiary",1297,"no","cellular","2015/3/2",716,-1,"unknown",0
"1303",1303,46,"blue-collar","married","secondary",494,"yes","unknown","2015/2/20",724,-1,"unknown",1
"2721",2721,46,"management","divorced","secondary",-852,"no","cellular","2015/3/8",728,-1,"unknown",0
"2229",2229,47,"technician","married","secondary",3973,"no","cellular","2015/2/2",732,-1,"unknown",1
"1275",1275,43,"blue-collar","divorced","primary",-97,"yes","cellular","2015/1/23",747,-1,"unknown",0
"937",937,50,"entrepreneur","divorced","tertiary",1790,"no","cellular","2015/1/28",748,-1,"unknown",0
"1316",1316,49,"blue-collar","married","tertiary",1784,"no","unknown","2015/2/4",753,-1,"unknown",1
"832",832,47,"blue-collar","married","secondary",1996,"no","unknown","2015/2/11",761,-1,"unknown",1
"2773",2773,48,"management","single","tertiary",414,"no","cellular","2015/2/22",761,-1,"unknown",0
"234",234,45,"blue-collar","single","secondary",0,"yes","cellular","2015/2/7",768,91,"success",0
"2652",2652,44,"management","married","secondary",2984,"yes","unknown","2015/2/25",770,-1,"unknown",1
"307",307,49,"entrepreneur","married","secondary",687,"yes","cellular","2015/1/26",772,-1,"unknown",1
"2620",2620,49,"services","married","secondary",823,"no","cellular","2015/2/6",780,-1,"unknown",1
"313",313,43,"blue-collar","single","primary",2,"yes","cellular","2015/2/1",783,-1,"unknown",0
"2260",2260,41,"management","married","tertiary",326,"yes","cellular","2015/2/5",788,-1,"unknown",1
"1442",1442,49,"unknown","married","unknown",301,"no","cellular","2015/2/26",789,-1,"unknown",1
"1502",1502,46,"technician","married","secondary",57,"no","unknown","2015/1/28",796,-1,"unknown",1
"1975",1975,44,"technician","single","secondary",7138,"no","cellular","2015/2/7",809,-1,"unknown",0
"219",219,49,"blue-collar","married","primary",305,"yes","telephone","2015/1/23",834,-1,"unknown",1
"1063",1063,50,"technician","married","secondary",-568,"yes","unknown","2015/1/29",860,-1,"unknown",1
"863",863,41,"admin.","single","secondary",1020,"yes","unknown","2015/2/12",882,-1,"unknown",0
"1008",1008,45,"technician","single","secondary",410,"yes","unknown","2015/2/25",891,-1,"unknown",0
"2634",2634,50,"management","single","tertiary",1200,"no","cellular","2015/2/20",904,-1,"unknown",0
"2107",2107,47,"entrepreneur","married","primary",668,"no","cellular","2015/1/31",908,-1,"unknown",1
"1906",1906,46,"management","married","tertiary",273,"yes","cellular","2015/2/11",910,184,"success",1
"1724",1724,45,"blue-collar","married","primary",97,"yes","unknown","2015/2/13",923,-1,"unknown",1
"1510",1510,42,"admin.","divorced","secondary",936,"no","cellular","2015/2/5",931,-1,"unknown",0
"1947",1947,42,"services","divorced","secondary",257,"yes","cellular","2015/2/24",955,-1,"unknown",0
"2034",2034,41,"blue-collar","divorced","primary",664,"no","cellular","2015/2/21",955,-1,"unknown",0
"2069",2069,47,"technician","married","secondary",1167,"yes","cellular","2015/2/2",968,87,"failure",1
"2715",2715,47,"technician","divorced","tertiary",477,"yes","telephone","2015/3/2",973,366,"failure",0
"296",296,49,"entrepreneur","divorced","unknown",-701,"yes","cellular","2015/2/26",988,-1,"unknown",0
"2141",2141,47,"housemaid","single","tertiary",3727,"no","unknown","2015/3/6",993,-1,"unknown",0
"824",824,43,"management","married","tertiary",1429,"yes","cellular","2015/2/3",1015,198,"other",1
"51",51,45,"blue-collar","divorced","primary",844,"no","unknown","2015/2/5",1018,-1,"unknown",0
"298",298,45,"blue-collar","divorced","primary",-311,"yes","unknown","2015/2/28",1030,-1,"unknown",0
"1720",1720,48,"management","married","secondary",4415,"yes","cellular","2015/2/9",1032,141,"failure",1
"1856",1856,41,"technician","single","secondary",618,"no","cellular","2015/2/26",1056,-1,"unknown",0
"1320",1320,49,"management","married","secondary",1623,"yes","cellular","2015/2/8",1081,-1,"unknown",1
"1505",1505,47,"admin.","divorced","secondary",225,"no","cellular","2015/1/31",1126,-1,"unknown",0
"646",646,46,"self-employed","married","secondary",548,"no","cellular","2015/1/25",1181,-1,"unknown",1
"2732",2732,48,"blue-collar","married","secondary",1159,"yes","cellular","2015/2/17",1181,-1,"unknown",1
"416",416,49,"management","divorced","tertiary",755,"no","cellular","2015/2/7",1212,-1,"unknown",0
"1960",1960,44,"blue-collar","married","secondary",2523,"yes","unknown","2015/3/9",1236,-1,"unknown",1
"2838",2838,43,"blue-collar","married","secondary",699,"yes","cellular","2015/2/24",1258,122,"other",1
"1455",1455,45,"services","single","primary",1893,"yes","unknown","2015/3/11",1259,-1,"unknown",0
"2654",2654,45,"blue-collar","single","secondary",0,"yes","cellular","2015/2/27",1472,192,"failure",0
"495",495,44,"technician","single","secondary",244,"yes","cellular","2015/2/12",1735,-1,"unknown",0
"2828",2828,49,"services","married","secondary",320,"no","telephone","2015/3/10",1971,-1,"unknown",1
"981",981,43,"management","divorced","tertiary",388,"yes","unknown","2015/1/29",2087,-1,"unknown",0
